{"framework":"angular@7.1.4","benchmark":"04_populate50","type":"cpu","min":125.8,"max":154.523,"mean":138.92239999999998,"median":138.5115,"geometricMean":138.64504837584062,"standardDeviation":9.282211412756718,"values":[154.523,144.008,149.242,133.506,131.044,135.674,144.541,125.8,129.537,141.349]}