{"framework":"angular@7.1.4","benchmark":"07_sort","type":"cpu","min":75.115,"max":87.685,"mean":82.09759999999999,"median":83.45349999999999,"geometricMean":81.97050035910014,"standardDeviation":4.779579879259497,"values":[75.79,83.002,75.115,87.685,79.845,77.029,85.709,83.905,86.665,86.231]}