{"framework":"angular@7.1.4","benchmark":"26_shuffle-memory","type":"memory","min":3.527057647705078,"max":3.5330963134765625,"mean":3.5301578521728514,"median":3.5301055908203125,"geometricMean":3.5301571206170856,"standardDeviation":0.002395590095432593,"values":[3.5276565551757812,3.527057647705078,3.5284767150878906,3.5280494689941406,3.5284690856933594,3.5317344665527344,3.5321273803710938,3.5322303771972656,3.5330963134765625,3.5326805114746094]}