{"framework":"angular@7.1.4","benchmark":"22_update5-memory","type":"memory","min":3.2871055603027344,"max":3.4162368774414062,"mean":3.376630401611328,"median":3.413433074951172,"geometricMean":3.376125528323082,"standardDeviation":0.061239437143054784,"values":[3.288867950439453,3.2871055603027344,3.287841796875,3.410858154296875,3.411041259765625,3.4158248901367188,3.4161300659179688,3.4162368774414062,3.416217803955078,3.416179656982422]}