{"framework":"angular@7.1.4","benchmark":"08_clear50","type":"cpu","min":22.909,"max":33.633,"mean":27.2522,"median":26.4525,"geometricMean":27.00209878434474,"standardDeviation":3.9441176396699373,"values":[28.371,31.915,24.395,23.577,24.76,28.145,23.62,31.197,22.909,33.633]}