{"framework":"angular@7.1.4","benchmark":"24_swap_rows5-memory","type":"memory","min":3.527629852294922,"max":3.5343666076660156,"mean":3.531235122680664,"median":3.531797409057617,"geometricMean":3.531234123321576,"standardDeviation":0.002800305637494296,"values":[3.5302085876464844,3.527629852294922,3.5284996032714844,3.5283241271972656,3.5286216735839844,3.53338623046875,3.5337562561035156,3.533740997314453,3.5338172912597656,3.5343666076660156]}