{
  "framework": "angular@7.1.4",
  "benchmark": "03_update_one",
  "type": "cpu",
  "min": 10.111,
  "max": 24.142,
  "mean": 15.973299999999998,
  "median": 14.9445,
  "geometricMean": 15.455317704010957,
  "standardDeviation": 4.345230873549119,
  "values": [
    15.1,
    14.789,
    10.111,
    17.726,
    11.056,
    18.625,
    20.704,
    13.614,
    13.866,
    24.142
  ]
}
