{
  "framework": "angular@7.1.4",
  "benchmark": "01_add_one",
  "type": "cpu",
  "min": 11.286,
  "max": 27.584,
  "mean": 14.750899999999998,
  "median": 12.877,
  "geometricMean": 14.142105392092134,
  "standardDeviation": 5.182187471414835,
  "values": [
    27.584,
    13.047,
    20.354,
    11.286,
    12.89,
    12.899,
    12.806,
    12.105,
    11.674,
    12.864
  ]
}
