{"framework":"angular@7.1.4","benchmark":"21_add_one_5-memory","type":"memory","min":3.292613983154297,"max":3.421886444091797,"mean":3.3698169708251955,"median":3.418893814086914,"geometricMean":3.3692371376334935,"standardDeviation":0.06572592700842986,"values":[3.2946510314941406,3.292613983154297,3.293224334716797,3.293407440185547,3.416454315185547,3.421337127685547,3.4213333129882812,3.42138671875,3.421875,3.421886444091797]}