{"framework":"angular@7.1.4","benchmark":"28_populateclear-memory","type":"memory","min":3.303974151611328,"max":3.4315032958984375,"mean":3.416439437866211,"median":3.428621292114258,"geometricMean":3.4162287156415423,"standardDeviation":0.039606531024790115,"values":[3.303974151611328,3.425506591796875,3.4259414672851562,3.4261817932128906,3.4262123107910156,3.4310302734375,3.431079864501953,3.4314842224121094,3.4314804077148438,3.4315032958984375]}