{"framework":"angular@7.1.4","benchmark":"20_ready-memory","type":"memory","min":3.1895904541015625,"max":3.3192787170410156,"mean":3.2917251586914062,"median":3.3150367736816406,"geometricMean":3.2913304452670427,"standardDeviation":0.05331839605857335,"values":[3.1917076110839844,3.1895904541015625,3.314483642578125,3.3155860900878906,3.3143157958984375,3.3144874572753906,3.3192672729492188,3.3192787170410156,3.3192672729492188,3.3192672729492188]}