{
  "framework": "angular@7.1.4",
  "benchmark": "02_remove_one",
  "type": "cpu",
  "min": 27.743,
  "max": 40.747,
  "mean": 35.7695,
  "median": 37.4975,
  "geometricMean": 35.46046778789041,
  "standardDeviation": 4.8437448609291724,
  "values": [
    36.646,
    31.78,
    39.952,
    32.066,
    39.437,
    27.743,
    40.674,
    30.301,
    40.747,
    38.349
  ]
}
