{"framework":"angular@7.1.4","benchmark":"23_add_remove_one5-memory","type":"memory","min":3.2939834594726562,"max":3.425708770751953,"mean":3.3973930358886717,"median":3.4220142364501953,"geometricMean":3.396999658962497,"standardDeviation":0.054083983293412186,"values":[3.295848846435547,3.2939834594726562,3.418926239013672,3.4193801879882812,3.4193801879882812,3.424652099609375,3.4246482849121094,3.425708770751953,3.425708770751953,3.4256935119628906]}