{"framework":"angular@7.1.4","benchmark":"27_sort-memory","type":"memory","min":3.4058799743652344,"max":3.534748077392578,"mean":3.518792724609375,"median":3.5313682556152344,"geometricMean":3.5185863221083507,"standardDeviation":0.03979201756419067,"values":[3.4058799743652344,3.5259971618652344,3.5277328491210938,3.52935791015625,3.5292892456054688,3.5335006713867188,3.5343780517578125,3.5333786010742188,3.534748077392578,3.5336647033691406]}