{"framework":"angular@7.1.4","benchmark":"25_populate-memory","type":"memory","min":3.3923721313476562,"max":3.5223922729492188,"mean":3.482626724243164,"median":3.519754409790039,"geometricMean":3.4821307609520584,"standardDeviation":0.061649396117230915,"values":[3.3934402465820312,3.3923721313476562,3.394195556640625,3.5172653198242188,3.5174789428710938,3.5220298767089844,3.522380828857422,3.5223617553710938,3.522350311279297,3.5223922729492188]}