{"framework":"react@16.7.0","benchmark":"06_shuffle","type":"cpu","min":100.068,"max":116.575,"mean":108.68400000000001,"median":108.8535,"geometricMean":108.59925751029748,"standardDeviation":4.513122127012888,"values":[113.733,100.068,108.95,108.467,108.757,104.932,109.535,116.575,106.299,109.524]}