{
  "framework": "react@16.7.0",
  "benchmark": "03_update_one",
  "type": "cpu",
  "min": 55.833,
  "max": 104.887,
  "mean": 65.8056,
  "median": 61.736000000000004,
  "geometricMean": 64.76844577534825,
  "standardDeviation": 14.050451769723754,
  "values": [
    58.599,
    60.092,
    66.301,
    63.246,
    60.878,
    64.748,
    61.618,
    61.854,
    104.887,
    55.833
  ]
}
