{"framework":"react@16.7.0","benchmark":"08_clear50","type":"cpu","min":15.011,"max":31.584,"mean":20.814100000000003,"median":20.2345,"geometricMean":20.412513095142646,"standardDeviation":4.559719958506224,"values":[22.827,16.664,31.584,20.638,19.132,18.338,23.308,15.011,20.808,19.831]}