{"framework":"react@16.7.0","benchmark":"27_sort-memory","type":"memory","min":2.2703857421875,"max":2.2872161865234375,"mean":2.2813377380371094,"median":2.2818946838378906,"geometricMean":2.2813332299478586,"standardDeviation":0.004777207389781902,"values":[2.2872161865234375,2.2703857421875,2.2788238525390625,2.2834396362304688,2.2803611755371094,2.279674530029297,2.279743194580078,2.2856101989746094,2.2846946716308594,2.283428192138672]}