{"framework":"react@16.7.0","benchmark":"04_populate50","type":"cpu","min":152.488,"max":168.798,"mean":159.95239999999998,"median":159.984,"geometricMean":159.86581583288577,"standardDeviation":5.5498976206773385,"values":[168.798,164.492,164.531,157.024,154.779,153.479,152.488,163.965,162.025,157.943]}