{"framework":"react@16.7.0","benchmark":"23_add_remove_one5-memory","type":"memory","min":1.3642044067382812,"max":1.4951820373535156,"mean":1.466909408569336,"median":1.4907398223876953,"geometricMean":1.4659984929725298,"standardDeviation":0.05353119933478741,"values":[1.3642044067382812,1.3666496276855469,1.4898719787597656,1.4904441833496094,1.4903411865234375,1.4910354614257812,1.4910926818847656,1.4951820373535156,1.4951286315917969,1.4951438903808594]}