{"framework":"react@16.7.0","benchmark":"05_swap_rows","type":"cpu","min":101.755,"max":118.762,"mean":109.76899999999998,"median":107.893,"geometricMean":109.61662603924532,"standardDeviation":6.117921633292725,"values":[114.099,102.757,117.926,107.872,105.494,101.755,118.762,114.477,107.914,106.634]}