{
  "framework": "react@16.7.0",
  "benchmark": "02_remove_one",
  "type": "cpu",
  "min": 65.449,
  "max": 98.76,
  "mean": 72.4646,
  "median": 70.03999999999999,
  "geometricMean": 71.97768571213156,
  "standardDeviation": 9.616621723754024,
  "values": [
    68.744,
    71.336,
    66.744,
    72.984,
    65.449,
    98.76,
    71.348,
    67.281,
    73.359,
    68.641
  ]
}
