{"framework":"react@16.7.0","benchmark":"26_shuffle-memory","type":"memory","min":2.1941757202148438,"max":2.221080780029297,"mean":2.2080787658691405,"median":2.2075347900390625,"geometricMean":2.2080654790013545,"standardDeviation":0.008077129647791888,"values":[2.1941757202148438,2.2017364501953125,2.2068824768066406,2.221080780029297,2.2056236267089844,2.20477294921875,2.2209205627441406,2.2082061767578125,2.2081871032714844,2.2092018127441406]}