{"framework":"react@16.7.0","benchmark":"07_sort","type":"cpu","min":89.16,"max":111.798,"mean":97.06309999999999,"median":94.8985,"geometricMean":96.83727848052918,"standardDeviation":7.0971416695580904,"values":[111.798,92.042,92.185,89.16,101.842,91.124,99.489,92.273,103.194,97.524]}