{"framework":"react@16.7.0","benchmark":"22_update5-memory","type":"memory","min":1.3795356750488281,"max":1.5106163024902344,"mean":1.4579887390136719,"median":1.5065059661865234,"geometricMean":1.4566469405538336,"standardDeviation":0.06553621490657723,"values":[1.3795356750488281,1.3823661804199219,1.3827781677246094,1.3828048706054688,1.5065155029296875,1.5064964294433594,1.5075836181640625,1.5106163024902344,1.510589599609375,1.5106010437011719]}