{"framework":"react@16.7.0","benchmark":"31_startup-ci","type":"startup","min":2012.6755,"max":2119.956,"mean":2050.09475,"median":2033.8737500000002,"geometricMean":2049.6710437037,"standardDeviation":48.42255944719022,"values":[2044.5320000000002,2023.2155,2012.6755,2119.956]}