{"framework":"react@16.7.0","benchmark":"21_add_one_5-memory","type":"memory","min":1.507843017578125,"max":1.5132102966308594,"mean":1.5104862213134767,"median":1.5097484588623047,"geometricMean":1.510485142858383,"standardDeviation":0.0019029961410055034,"values":[1.507843017578125,1.5103340148925781,1.5091476440429688,1.5093307495117188,1.50946044921875,1.5097503662109375,1.5097465515136719,1.512847900390625,1.5131912231445312,1.5132102966308594]}