{"framework":"react@16.7.0","benchmark":"24_swap_rows5-memory","type":"memory","min":2.306812286376953,"max":2.313922882080078,"mean":2.3107295989990235,"median":2.3106613159179688,"geometricMean":2.3107286383511507,"standardDeviation":0.002220975476921969,"values":[2.306812286376953,2.310161590576172,2.3097572326660156,2.3094482421875,2.3138504028320312,2.3121414184570312,2.3087921142578125,2.3111610412597656,2.311248779296875,2.313922882080078]}