{"framework":"react@16.7.0","benchmark":"20_ready-memory","type":"memory","min":1.3174018859863281,"max":1.3499336242675781,"mean":1.3429332733154298,"median":1.3489418029785156,"geometricMean":1.3428796104996281,"standardDeviation":0.012598126446660717,"values":[1.3476333618164062,1.3477516174316406,1.3498077392578125,1.3499336242675781,1.3174018859863281,1.3488426208496094,1.3490409851074219,1.3490409851074219,1.3490409851074219,1.3208389282226562]}