{"framework":"react@16.7.0","benchmark":"25_populate-memory","type":"memory","min":2.0493698120117188,"max":2.05523681640625,"mean":2.0520709991455077,"median":2.0515174865722656,"geometricMean":2.052070212926636,"standardDeviation":0.0018937515922504242,"values":[2.0493698120117188,2.0517730712890625,2.0518646240234375,2.0507774353027344,2.050872802734375,2.0509719848632812,2.0512619018554688,2.05523681640625,2.054302215576172,2.054279327392578]}