{
  "framework": "react@16.7.0",
  "benchmark": "01_add_one",
  "type": "cpu",
  "min": 13.171,
  "max": 25.122,
  "mean": 18.3302,
  "median": 17.5425,
  "geometricMean": 18.05201541382417,
  "standardDeviation": 3.4287953440109415,
  "values": [
    25.122,
    20.426,
    15.449,
    13.171,
    16.443,
    17.042,
    21.995,
    18.001,
    18.569,
    17.084
  ]
}
