{"framework":"react@16.7.0","benchmark":"28_populateclear-memory","type":"memory","min":2.055633544921875,"max":2.0619239807128906,"mean":2.0584484100341798,"median":2.0574073791503906,"geometricMean":2.058447419542528,"standardDeviation":0.0021289143470416723,"values":[2.055633544921875,2.0590782165527344,2.0568923950195312,2.0571556091308594,2.057117462158203,2.0573959350585938,2.0574188232421875,2.0619239807128906,2.0609664916992188,2.060901641845703]}