{"framework":"vue@2.5.21","benchmark":"04_populate50","type":"cpu","min":140.543,"max":164.629,"mean":154.07459999999998,"median":156.0795,"geometricMean":153.87814978413923,"standardDeviation":8.144745193476997,"values":[159.72,164.629,156.307,142.929,140.543,163.965,156.703,150.809,155.852,149.289]}