{"framework":"vue@2.5.21","benchmark":"25_populate-memory","type":"memory","min":2.1377487182617188,"max":2.1585235595703125,"mean":2.1450233459472656,"median":2.144063949584961,"geometricMean":2.145016614449468,"standardDeviation":0.00567040972715722,"values":[2.1377487182617188,2.1421852111816406,2.144115447998047,2.1400184631347656,2.1585235595703125,2.1424331665039062,2.1469192504882812,2.1470947265625,2.1471824645996094,2.144012451171875]}