{"framework":"vue@2.5.21","benchmark":"28_populateclear-memory","type":"memory","min":1.9510078430175781,"max":1.9612350463867188,"mean":1.956822967529297,"median":1.9575157165527344,"geometricMean":1.9568205588989565,"standardDeviation":0.0032358548905764522,"values":[1.9510078430175781,1.9545974731445312,1.9571304321289062,1.9579010009765625,1.9543190002441406,1.9541816711425781,1.9607696533203125,1.9585342407226562,1.9585533142089844,1.9612350463867188]}