{"framework":"vue@2.5.21","benchmark":"24_swap_rows5-memory","type":"memory","min":2.2055130004882812,"max":2.215503692626953,"mean":2.2107105255126953,"median":2.2110843658447266,"geometricMean":2.21070814127628,"standardDeviation":0.00342234795038058,"values":[2.2055130004882812,2.211101531982422,2.2072296142578125,2.208538055419922,2.2119293212890625,2.2075157165527344,2.2110671997070312,2.215503692626953,2.2145423889160156,2.2141647338867188]}