{"framework":"vue@2.5.21","benchmark":"08_clear50","type":"cpu","min":20.48,"max":43.18,"mean":33.6106,"median":33.8255,"geometricMean":32.81146833671775,"standardDeviation":7.272295697447341,"values":[41.469,20.48,31.921,32.552,34.931,37.039,32.72,23.247,38.567,43.18]}