{
  "framework": "vue@2.5.17",
  "benchmark": "07_remove_cell",
  "type": "cpu",
  "min": 287.886,
  "max": 415.664,
  "mean": 325.63320000000004,
  "median": 318.372,
  "geometricMean": 323.99478004264455,
  "standardDeviation": 36.146431801155074,
  "values": [
    294.809,
    318.108,
    318.636,
    350.136,
    287.886,
    307.875,
    415.664,
    310.016,
    328.994,
    324.208
  ]
}
