{
  "framework": "vue@2.5.21",
  "benchmark": "01_add_one",
  "type": "cpu",
  "min": 13.153,
  "max": 32.467,
  "mean": 18.8778,
  "median": 17.54,
  "geometricMean": 18.21531034078454,
  "standardDeviation": 5.729983067649987,
  "values": [
    19.453,
    14.208,
    22.219,
    13.153,
    20.174,
    14.773,
    32.467,
    21.1,
    15.627,
    15.604
  ]
}
