{
  "framework": "vue@2.5.17",
  "benchmark": "07_remove_cell",
  "type": "cpu",
  "min": 292.276,
  "max": 315.205,
  "mean": 301.8619,
  "median": 299.93949999999995,
  "geometricMean": 301.7891692477219,
  "standardDeviation": 7.008523294294353,
  "values": [
    299.782,
    304.991,
    294.449,
    300.097,
    298.888,
    315.205,
    308.834,
    297.442,
    292.276,
    306.655
  ]
}
