{"framework":"vue@2.5.21","benchmark":"31_startup-ci","type":"startup","min":1973.1695,"max":1996.627,"mean":1980.106625,"median":1975.315,"geometricMean":1980.0834792778437,"standardDeviation":11.07500107129415,"values":[1996.627,1976.0224999999998,1974.6075,1973.1695]}