{
  "framework": "vue@2.5.21",
  "benchmark": "02_remove_one",
  "type": "cpu",
  "min": 57.318,
  "max": 82.531,
  "mean": 67.8078,
  "median": 67.4915,
  "geometricMean": 67.450041902313,
  "standardDeviation": 7.421181633974771,
  "values": [
    71.457,
    61.396,
    72.772,
    57.318,
    66.249,
    68.734,
    72.487,
    64.766,
    82.531,
    60.368
  ]
}
