{"framework":"vue@2.5.21","benchmark":"20_ready-memory","type":"memory","min":1.4693031311035156,"max":1.47259521484375,"mean":1.4707221984863281,"median":1.4704418182373047,"geometricMean":1.4707216289833427,"standardDeviation":0.0013644949288190362,"values":[1.4694557189941406,1.4699554443359375,1.4704475402832031,1.4704360961914062,1.4705734252929688,1.4693069458007812,1.4693031311035156,1.47259521484375,1.4725875854492188,1.4725608825683594]}