{"framework":"vue@2.5.21","benchmark":"21_add_one_5-memory","type":"memory","min":1.59100341796875,"max":1.5972518920898438,"mean":1.59478759765625,"median":1.5939998626708984,"geometricMean":1.5947862493961045,"standardDeviation":0.002185790834919587,"values":[1.59100341796875,1.5940170288085938,1.5932960510253906,1.5933303833007812,1.5937347412109375,1.5939826965332031,1.5969009399414062,1.59716796875,1.5971908569335938,1.5972518920898438]}