{"framework":"vue@2.5.21","benchmark":"06_shuffle","type":"cpu","min":100.529,"max":119.887,"mean":110.8933,"median":110.9425,"geometricMean":110.73040167708378,"standardDeviation":6.312219015528534,"values":[119.887,111.983,109.558,109.902,118.968,103.394,114.385,106.186,114.141,100.529]}