{"framework":"vue@2.5.21","benchmark":"26_shuffle-memory","type":"memory","min":2.1497154235839844,"max":2.1856002807617188,"mean":2.1660614013671875,"median":2.157745361328125,"geometricMean":2.1660107999043525,"standardDeviation":0.015618371406015059,"values":[2.1505279541015625,2.184619903564453,2.1856002807617188,2.1812171936035156,2.184131622314453,2.1497154235839844,2.157512664794922,2.1529388427734375,2.1563720703125,2.157978057861328]}