{"framework":"vue@2.5.21","benchmark":"07_sort","type":"cpu","min":89.091,"max":121.932,"mean":109.348,"median":110.0925,"geometricMean":108.9518227565086,"standardDeviation":9.570576703858785,"values":[109.308,121.932,114.008,108.675,104.305,110.877,120.224,101.173,89.091,113.887]}