{"framework":"vue@2.5.21","benchmark":"32_startup-bt","type":"startup","min":192.968,"max":219.348,"mean":200.052,"median":193.94599999999997,"geometricMean":199.75355107400935,"standardDeviation":12.878075632640165,"values":[194.42,219.348,193.47199999999998,192.968]}