{"framework":"vue@2.5.21","benchmark":"23_add_remove_one5-memory","type":"memory","min":1.5748367309570312,"max":1.5841598510742188,"mean":1.5804962158203124,"median":1.5797557830810547,"geometricMean":1.5804935532104247,"standardDeviation":0.0030575142716551835,"values":[1.5748367309570312,1.578125,1.5789451599121094,1.5790023803710938,1.57940673828125,1.5801048278808594,1.5831642150878906,1.5830650329589844,1.5841522216796875,1.5841598510742188]}