{"framework":"vue@2.5.21","benchmark":"22_update5-memory","type":"memory","min":1.5819244384765625,"max":1.591156005859375,"mean":1.5876529693603516,"median":1.5870914459228516,"geometricMean":1.5876502392221357,"standardDeviation":0.0031029961832711103,"values":[1.5819244384765625,1.5852279663085938,1.5857162475585938,1.5861282348632812,1.5871124267578125,1.5870704650878906,1.5901298522949219,1.5911064147949219,1.591156005859375,1.5909576416015625]}