{
  "framework": "vue@2.5.21",
  "benchmark": "03_update_one",
  "type": "cpu",
  "min": 51.38,
  "max": 76.378,
  "mean": 63.2505,
  "median": 61.2025,
  "geometricMean": 62.62924552037046,
  "standardDeviation": 9.38404452307805,
  "values": [
    69.621,
    62.673,
    74.06,
    51.38,
    76.378,
    53.428,
    59.732,
    56.966,
    73.397,
    54.87
  ]
}
