{"framework":"vue@2.5.21","benchmark":"34_startup-totalbytes","type":"startup","min":139.9296875,"max":139.9296875,"mean":139.9296875,"median":139.9296875,"geometricMean":139.9296875,"standardDeviation":0,"values":[139.9296875,139.9296875,139.9296875,139.9296875]}